
2019/12/19 21:14:18, Wish Policy, Policy is pass for, wp_25, Pass, 
2019/12/19 21:14:39, Wish Policy, Policy is pass for, wp_26, Pass, 
2020/04/05 10:54:39, Wish Login, WIsh application login Fail for , , Fail, Test fail at step :[[HomePage ]] and fail msg is [[Click on View Button Element Not Found]], 
2020/04/05 10:54:39, Wish Login, WIsh application login Fail for , , Fail, Test fail at step :[[HomePage ]] and fail msg is [[Click on View Button Element Not Found]], 
2020/10/24 22:06:16, Wish Login, WIsh application login Fail for , , Fail, Test fail at step :[[HomePage ]] and fail msg is [[Click on View Button Element Not Found]], 
2020/10/24 22:06:16, Wish Login, WIsh application login Fail for , , Fail, Test fail at step :[[HomePage ]] and fail msg is [[Click on View Button Element Not Found]], 
2021/05/30 03:48:31, Wish Login, WIsh application login Fail for , , Fail, Test fail at step :[[HomePage ]] and fail msg is [[Click on View Button Element Not Found]], 
2021/05/30 03:51:47, Wish Login, WIsh application login Fail for , , Fail, Test fail at step :[[HomePage ]] and fail msg is [[Click on View Button Element Not Found]], 
2021/05/30 03:53:31, Wish Login, WIsh application login Fail for , , Fail, Test fail at step :[[HomePage ]] and fail msg is [[Click on View Button Element Not Found]], 
2021/06/25 20:48:17, Wish Login, WIsh application login Fail for , , Fail, Test fail at step :[[HomePage ]] and fail msg is [[Click on View Button Element Not Found]], 
2021/06/25 20:48:17, Wish Login, WIsh application login Fail for , , Fail, Test fail at step :[[HomePage ]] and fail msg is [[Click on View Button Element Not Found]], 
2021/06/25 20:49:48, Wish Login, WIsh application login Fail for , , Fail, Test fail at step :[[HomePage ]] and fail msg is [[Click on View Button Element Not Found]], 
2021/06/25 20:49:48, Wish Login, WIsh application login Fail for , , Fail, Test fail at step :[[HomePage ]] and fail msg is [[Click on View Button Element Not Found]], 